Study (design),Total patients / procedures,"Psoriasis, n","PsA, n","Other diagnoses, n (%)",Drug class (single class isolable),Procedure category,Exposure directness,Diagnosis confined to psoriasis or PsA,Psoriasis or PsA outcomes separable,Contribution to quantitative synthesis
Bakkour 2016 (audit),42 patients / 77 procedures,28 (54 procedures),14 (23 procedures),None (pure psoriasis/PsA cohort),"TNFi + IL-12/23 (etanercept, adalimumab, infliximab, ustekinumab, golimumab); classes not isolable",Mixed: 15/77 orthopaedic; remainder minor or dermatologic,Direct,Yes,Yes (psoriasis- and PsA-specific outcomes reported),Primary comparison for infection or wound complications (MA1) plus comparative disease flare (MA2) plus proportions; 100% psoriasis or PsA
Fabiano 2014 (cohort/series),131 patients,131,0,None (pure moderate-to-severe psoriasis),"TNFi + IL-12/23 (infliximab, adalimumab, etanercept, ustekinumab); classes not isolable",Mixed: 58 major (incl. orthopaedic) / 73 minor; orthopaedic signal = knee arthroplasty,Direct,Yes,Yes (pure psoriasis),Primary comparison for infection or wound complications (MA1) plus continuer proportion; 100% psoriasis
Day 2023 (database cohort),"2,262 psoriasis / 9,044 matched controls","2,262",Not enumerated,Matched non-psoriasis controls,Topical plus biologic subgroup (class NR),"Other major (100% lumbar discectomy, spine)",Contextual (indirect),Yes,"No (PsA not identified; exposure chronic, not perioperative)",Narrative only (not pooled)
Kawakami 2016 (case series),4 patients (1 orthopaedic case),4,0,None,"TNFi (infliximab, adalimumab)","Other major (Achilles tendon repair, Case 1)",Case-level (narrative only),Yes,Yes (case-level),Narrative only (not pooled)
Koga 2025 (case report),1 patient,0,1,Coexisting knee osteoarthritis,TNFi (adalimumab),Other major (high tibial osteotomy plus implant removal),Case-level (narrative only),Yes,Yes (case-level),Narrative only (not pooled)
Kunimi 2018 (case report),1 patient,0,1,None,TNFi (infliximab),Lower-risk (hand surgery),Case-level (narrative only),Yes,Yes (case-level),Narrative only (not pooled)
Berthold 2013 (cohort),"892 patients / 1,596 procedures (1,553 in the SSI analysis)",Not separately enumerated,"67 of the 1,553 procedures in the infection analysis (32 in the discontinuation era, 35 in the continuation era; 4% to 5%)",RA about 66-67%; spondyloarthritis/AS 4%; JIA 2-3%; OA 2-3%,"TNFi only (infliximab, etanercept, adalimumab)",Mixed: arthroplasty plus hand/foot plus other elective,Direct,No,No,"Primary comparison for infection or wound complications (MA1, 1,553 procedures) plus continuer proportion; pooled at whole-cohort level"
Nguyen 2021 (cohort),180 patients / 218 procedures (surgical subgroup of 827 biologic users),"45 of the 218 surgical procedures (13 stopped, 32 continued); psoriasis was 27.2% of the 827-patient biologic cohort","32 of the 218 surgical procedures (12 stopped, 20 continued)","IBD-predominant; Crohn disease largest (38.6% of 827); also ulcerative colitis, RA, hidradenitis suppurativa","TNFi + IL-12/23 (adalimumab, infliximab, etanercept, ustekinumab); classes not isolable","Mixed: arthroplasty 43, ORIF 10, tendon 9",Direct,No,No,"Primary comparison for infection or wound complications (MA1, 218 procedures) plus PJI proportion; pooled at whole-cohort level"
George 2017 (claims cohort),"3,867 patients / 4,288 surgeries",Combined psoriasis/PsA/AS 562 (13%); not isolated,Within the combined 562,"RA 3,385 (79%); IBD 475 (11%)",TNFi only (infliximab only),Arthroplasty (100% THA/TKA),Timing-proxy (indirect),No,No,"Continuer proportion for infection or wound complications (1,162 recent-infliximab surgeries) plus PJI proportion; whole-cohort level"
Di Martino 2023 (registry),121 perioperative TNFi (Cohort A),Not separately enumerated,36 (29.8%),RA 52.9%; AS 17.4%,"TNFi only (etanercept, adalimumab, infliximab, certolizumab, golimumab)",Arthroplasty (100% THA),Contextual (indirect),No,No,Narrative (implant survival)
Vasavada 2023 (cohort),428 (214 on baseline immunosuppression),None reported (no cutaneous psoriasis),119 of the 428-patient matched cohort; about 50 within the 214 immunosuppression arms (19% to 28%),"RA, SLE, AS, sarcoidosis, PMR","Aggregate immunosuppression (biologics 31% of held arm, csDMARDs, JAK inhibitors, glucocorticoids); biologic not isolable",Lower-risk (100% arthroscopy),Direct contrast; aggregate exposure,No,No (exposure = aggregate immunosuppression),"Comparative disease flare (MA2, 214 patients) plus flare proportion; whole-cohort level"
Borgas 2020 (cohort),395 patients / 494 procedures,Not separately enumerated,35 (7%),RA 341 (69%); spondyloarthritis/AS 29 (5.9%); JIA 59 (11.9%); other 30 (6.1%),"TNFi only (etanercept, adalimumab, certolizumab, infliximab, golimumab)",Arthroplasty (100% TKA/THA),Contextual (indirect),No,"Partial (PsA-specific PJI 1/35, SSI 2/35 reported)","PJI proportion (TNFi arm, 157 patients); whole-cohort level"
