Study,Outcome,Events/N continued,Events/N discontinued,Outcome definition and follow-up window,Reported effect estimate (as published),Meta-analysis pool
Berthold 2013,SSI / wound complication,35/681,28/872 [a],"CDC 1992 SSI, superficial + deep (1-yr window for implant procedures); follow-up mean 5.3 mo","OR (discontinue vs continue, GEE-corrected) 0.68 (0.38-1.21), P=0.20; crude/design-level (adjusted models 3-6: age, disease duration, MTX, biologic)","MA1 (infection or wound complications); MA3 (infection or wound complication proportion, continue arm)"
Nguyen 2021,SSI / wound complication (SSTI),9/142,11/76,Skin/soft-tissue infection within 90 d necessitating antibiotics (cellulitis/abscess); follow-up 90 d [b],P=0.08 (stopped vs continued); crude; no adjusted estimate,"MA1 (infection or wound complications); MA3 (infection or wound complication proportion, continue arm)"
Nguyen 2021,PJI,1/43 (all joint replacements),single-arm (not split by hold),PJI among 43 joint-replacement procedures; follow-up postoperative,Not reported (single case; PJI on corticosteroid + etanercept),MA3 (PJI proportion)
Bakkour 2016,SSI / wound complication,3/57,5/20,Postoperative infection or delayed wound healing; follow-up perioperative,"Fisher exact P=0.014 (stopped vs continued); adjusted (logistic for concomitant IS, diabetes, smoking, prophylactic antibiotics; none significant)","MA1 (infection or wound complications); MA3 (infection or wound complication proportion, continue arm)"
Bakkour 2016,Disease flare (cutaneous or articular),5/57,8/20,Physician-observed psoriasis or PsA flare; follow-up perioperative,Fisher exact P=0.003 (stopped vs continued); crude,MA2 (disease flare); MA4 (disease flare proportion)
Fabiano 2014,SSI / wound complication,1/87,2/44,Postoperative wound infection; follow-up postoperative,Not reported (crude; no significance test) [c],"MA1 (infection or wound complications); MA3 (infection or wound complication proportion, continue arm)"
George 2017,Serious infection (SSI proxy),"70/1,162 (recent-IFX <4 wk)",single-arm (proportion; reference 8-12 wk not pooled),Hospitalized serious infection within 30 d (bacteremia / SSTI / pneumonia); NOT SSI-specific; follow-up 30 d [d],"Propensity-adjusted OR (<4 wk vs 8-12 wk) 0.90 (0.60-1.34), ns; adjusted (IPTW, all baseline covariates)","MA3 (infection or wound complication proportion, continue arm)"
George 2017,PJI,"30/1,162 (recent-IFX <4 wk)",single-arm (proportion; reference 8-12 wk not pooled),PJI within 1 yr (ICD-9 996.66); follow-up 1 yr (979 person-yr for <4 wk group),"Propensity-adjusted HR (<4 wk vs 8-12 wk) 0.98 (0.52-1.87), ns; adjusted (IPTW). Whole-cohort alternative 105/4,288 (2.9/100 py)",MA3 (PJI proportion)
Borgas 2020,PJI,"1/157 (TNFi users, continue-only cohort)",single-arm (no discontinuation arm),PJI = deep incisional + organ/space SSI within 1 yr (modified CDC); follow-up 1 yr,Fisher exact P=0.44 (TNFi-user vs non-user); crude [e],MA3 (PJI proportion)
Vasavada 2023,Articular (rheumatic-disease) flare,10/110 (stayed on IS),10/104 (held IS),Physician-diagnosed rheumatic-disease exacerbation within 12 wk of arthroscopy; follow-up 12 wk,"Multivariable OR (stayed vs held) 0.764 (0.267-2.181), P=0.61; adjusted (age, sex, BMI, smoking, procedure risk, medication class) [f]",MA2 (disease flare); MA4 (disease flare proportion)
Di Martino 2023,Implant survival / revision,3 revisions/121 (perioperative TNFi),not applicable (no discontinuation arm),Surgical revision (any component); 5-yr Kaplan-Meier implant survival; follow-up mean 5 yr,"5-yr implant survival 96.6% (89.6-98.9); log-rank P=0.713 vs non-bDMARD, P=0.123 vs OA; propensity-matched OA comparator",Narrative (not pooled)
Day 2023,SSI (lumbar spine),"NR (regimen-level, not a continue/hold contrast)",NR,90-d SSI after single-level lumbar discectomy; follow-up 90 d,"Psoriasis vs non-psoriasis SSI 62/2,262, adjusted OR 1.795 (1.326-2.431), P<0.001; topical+biologics subgroup (n=140) SSI OR 3.102 (1.202-8.010) P=0.019, sepsis OR 6.367 (1.229-32.990) P=0.027 [g]",Narrative (not pooled)
Kawakami 2016,Delayed wound healing + cutaneous flare (orthopaedic case),single-arm (0 continued orthopaedic cases),"1/1 (orthopaedic Case 1, IFX held)","Delayed wound healing + psoriasis flare (PASI to 18.8) during IFX hold, resolved after IFX restart; follow-up about 7 wk [h]",Not reported (case),Narrative (not pooled)
Koga 2025,Wound infection / psoriatic disease flare,0/1 (adalimumab held 2 wk),single-arm (no discontinuation arm),Postoperative wound infection or psoriasis exacerbation; follow-up 2 yr,Not reported (case; no complication over 2 yr),Narrative (not pooled)
Kunimi 2018,Infection / joint symptom recurrence,0/1 (IFX continued),single-arm (no discontinuation arm),Postoperative infection or recurrence of joint symptoms; follow-up NR,Not reported (case; no complication),Narrative (not pooled)
