study_id,study_label,country,journal,year,design,role_in_synthesis,total_N,psoriasis_n,PsA_n,other_dx,age,sex,diabetes_comorbidity,surgery_types,ortho_n_over_total,elective_vs_urgent,agents,contrast_type,n_continue,n_discontinue,hold_restart_timing,outcome,arm,events,n,definition,follow_up,effect_measure,effect_estimate,effect_ci,effect_p,adjusted_vs_crude,covariates,PsA_isolable,mixed_cohort_caveat,overlap_companion_flag,notes
EMBASE3-0017,Berthold 2013,Sweden,Acta Orthopaedica,2013,"Retrospective observational cohort (single-center, policy-era comparison)","Primary comparative SSI + SSI proportion (MA1_SSI, MA3_SSIprop)",892 patients / 1596 procedures (1553 in SSI analysis: Group A 872 / Group B 681),not separately enumerated (psoriasis listed among diagnoses),PsA 32 (4%) Group A; 35 (5%) Group B,RA ~67%/66%; spondyloarthritis incl AS 4%; JIA 2%/3%; OA 2%/3%; other,mean 55 (SD18) Group A; 59 (SD15) Group B,female 55% Group A; 75% Group B,diabetes NOT prospectively collected (stated limitation),"elective orthopedic + hand surgery: foot, hand, implant (arthroplasty), other (arthrodesis/synovectomy/soft-tissue)",whole cohort is orthopedic/hand (mixed procedure types); implant/arthroplasty subgroup A 343 / B 255 (per Table 2/3),elective (infection-as-indication procedures excluded),"TNFi: infliximab, etanercept, adalimumab (biologic DMARD use 32%/36%)",design-level (policy-era continue vs discontinue),"Group B 681 procedures (2006-Sep2009, TNFi continued)","Group A 872 procedures (2003-2005, TNFi discontinued)","Group A: IFX held 8wk / ETN 1wk / ADA 4wk pre-op, restart 1wk post-op if no infection. Group B: continued at stable dose.","SSI_wound (composite superficial+deep, CDC 1992)",continue (Group B),35,681,CDC 1992 SSI; within 30d (1yr with implant),"mean 5.3mo (SD4.5), median 8.5mo","OR Group A vs B (Model 1, GEE-corrected)",0.68,0.38-1.21,0.2,"crude/design-level (Models 3-6 adjust age, disease duration, MTX, biologic)","age, disease duration, MTX, biologic (Table 5)","NO - PsA is a trace subgroup (4-5%), not isolated in any outcome table or regression",Mixed rheumatic cohort (RA-dominant) AND mixed surgery type; SSI is whole-cohort,"CONFIRMED cohort overlap with Borgas 2020 (EMBASE2-0040): same Skane/Lund depts, shared co-author A. Gulfe, shared OrtReg registry; ~2006-Sep2009 arthroplasty patients overlap. OVERLAP RULE: Berthold -> MA1_SSI + MA3_SSIprop ONLY (never MA3_PJIprop).",MA1_SSI + MA3_SSIprop. Group B = continued era.
EMBASE3-0017,Berthold 2013,Sweden,Acta Orthopaedica,2013,"Retrospective observational cohort (single-center, policy-era comparison)","Primary comparative SSI + SSI proportion (MA1_SSI, MA3_SSIprop)",892 patients / 1596 procedures (1553 in SSI analysis: Group A 872 / Group B 681),not separately enumerated (psoriasis listed among diagnoses),PsA 32 (4%) Group A; 35 (5%) Group B,RA ~67%/66%; spondyloarthritis incl AS 4%; JIA 2%/3%; OA 2%/3%; other,mean 55 (SD18) Group A; 59 (SD15) Group B,female 55% Group A; 75% Group B,diabetes NOT prospectively collected (stated limitation),"elective orthopedic + hand surgery: foot, hand, implant (arthroplasty), other (arthrodesis/synovectomy/soft-tissue)",whole cohort is orthopedic/hand (mixed procedure types); implant/arthroplasty subgroup A 343 / B 255 (per Table 2/3),elective (infection-as-indication procedures excluded),"TNFi: infliximab, etanercept, adalimumab (biologic DMARD use 32%/36%)",design-level (policy-era continue vs discontinue),"Group B 681 procedures (2006-Sep2009, TNFi continued)","Group A 872 procedures (2003-2005, TNFi discontinued)","Group A: IFX held 8wk / ETN 1wk / ADA 4wk pre-op, restart 1wk post-op if no infection. Group B: continued at stable dose.","SSI_wound (composite superficial+deep, CDC 1992)",discontinue (Group A),28 (Table 3 and Abstract; 25 per Results text p.497),872,CDC 1992 SSI,mean 5.3mo,,,,,,,"NO - PsA is a trace subgroup (4-5%), not isolated in any outcome table or regression",Mixed rheumatic cohort (RA-dominant) AND mixed surgery type; SSI is whole-cohort,"CONFIRMED cohort overlap with Borgas 2020 (EMBASE2-0040): same Skane/Lund depts, shared co-author A. Gulfe, shared OrtReg registry; ~2006-Sep2009 arthroplasty patients overlap. OVERLAP RULE: Berthold -> MA1_SSI + MA3_SSIprop ONLY (never MA3_PJIprop).",MA1_SSI. INTERNAL DISCREPANCY 28 vs 25 (see poolable notes). Multivariable: only age predicted SSI; biologic/anti-TNF NOT significant.
EMBASE2-0014,Nguyen 2021,"USA (Boston, MA)",J Am Acad Dermatol,2021,Retrospective cross-sectional cohort (2 tertiary hospitals),"Primary comparative SSI + proportions (MA1_SSI, MA3_SSIprop, MA3_PJIprop)",827 biologic users (all indications); surgical subgroup 218 procedures / 180 patients,psoriasis 27.2% of 827; surgical arms: 13 stopped / 32 continued,PsA surgical arms: 12 stopped / 20 continued,"Crohn's 38.6% (largest), ulcerative colitis, RA, hidradenitis suppurativa",stopped 44.6 (SD16.4); continued 42.7 (SD16.6),cohort ~55-64% female by agent,diabetes captured (stopped 9.2% / continued 6.3%); corticosteroid use significant SSTI risk factor,"mixed: abdominal 38.1%, orthopedic 28.4%, urologic/gyn, neuro, cardiac, breast, head/neck, skin, infectious","62/218 (28.4%): joint replacement 43, ORIF 10 (urgent), tendon 9",mixed (10 ortho ORIF cases explicitly urgent),"adalimumab, infliximab, etanercept, ustekinumab",design-level (held vs continued perioperatively),142 continued,76 stopped,"held by number of drug half-lives (<3, 3-5, >5); not agent-specific reported",SSI_wound (postoperative SSTI within 90d),continue,9,142,skin infection within 90d of surgery necessitating antibiotics (cellulitis/abscess),90d postoperative,,,,0.08 (stopped vs continued),crude,,NO - psoriasis/PsA pooled with IBD/RA; SSTI not broken down by dx within ortho subset,Mixed dx AND mixed surgery; stopped/continued NOT cross-tabulated within 62 ortho procedures,none,MA1_SSI + MA3_SSIprop. Whole 218-procedure mixed-surgery cohort.
EMBASE2-0014,Nguyen 2021,"USA (Boston, MA)",J Am Acad Dermatol,2021,Retrospective cross-sectional cohort (2 tertiary hospitals),"Primary comparative SSI + proportions (MA1_SSI, MA3_SSIprop, MA3_PJIprop)",827 biologic users (all indications); surgical subgroup 218 procedures / 180 patients,psoriasis 27.2% of 827; surgical arms: 13 stopped / 32 continued,PsA surgical arms: 12 stopped / 20 continued,"Crohn's 38.6% (largest), ulcerative colitis, RA, hidradenitis suppurativa",stopped 44.6 (SD16.4); continued 42.7 (SD16.6),cohort ~55-64% female by agent,diabetes captured (stopped 9.2% / continued 6.3%); corticosteroid use significant SSTI risk factor,"mixed: abdominal 38.1%, orthopedic 28.4%, urologic/gyn, neuro, cardiac, breast, head/neck, skin, infectious","62/218 (28.4%): joint replacement 43, ORIF 10 (urgent), tendon 9",mixed (10 ortho ORIF cases explicitly urgent),"adalimumab, infliximab, etanercept, ustekinumab",design-level (held vs continued perioperatively),142 continued,76 stopped,"held by number of drug half-lives (<3, 3-5, >5); not agent-specific reported",SSI_wound (postoperative SSTI within 90d),discontinue,11,76,skin infection within 90d necessitating antibiotics,90d,,,,0.08,crude,,NO - psoriasis/PsA pooled with IBD/RA; SSTI not broken down by dx within ortho subset,Mixed dx AND mixed surgery; stopped/continued NOT cross-tabulated within 62 ortho procedures,none,MA1_SSI. Stopped arm 14.5% vs continued 6.3%. Corticosteroid the significant SSTI factor.
EMBASE2-0014,Nguyen 2021,"USA (Boston, MA)",J Am Acad Dermatol,2021,Retrospective cross-sectional cohort (2 tertiary hospitals),"Primary comparative SSI + proportions (MA1_SSI, MA3_SSIprop, MA3_PJIprop)",827 biologic users (all indications); surgical subgroup 218 procedures / 180 patients,psoriasis 27.2% of 827; surgical arms: 13 stopped / 32 continued,PsA surgical arms: 12 stopped / 20 continued,"Crohn's 38.6% (largest), ulcerative colitis, RA, hidradenitis suppurativa",stopped 44.6 (SD16.4); continued 42.7 (SD16.6),cohort ~55-64% female by agent,diabetes captured (stopped 9.2% / continued 6.3%); corticosteroid use significant SSTI risk factor,"mixed: abdominal 38.1%, orthopedic 28.4%, urologic/gyn, neuro, cardiac, breast, head/neck, skin, infectious","62/218 (28.4%): joint replacement 43, ORIF 10 (urgent), tendon 9",mixed (10 ortho ORIF cases explicitly urgent),"adalimumab, infliximab, etanercept, ustekinumab",design-level (held vs continued perioperatively),142 continued,76 stopped,"held by number of drug half-lives (<3, 3-5, >5); not agent-specific reported",PJI (peri-prosthetic joint infection),single (joint replacements),1,43,postoperative PJI among 43 joint-replacement procedures,postoperative,,,,,crude,,NO - psoriasis/PsA pooled with IBD/RA; SSTI not broken down by dx within ortho subset,Mixed dx AND mixed surgery; stopped/continued NOT cross-tabulated within 62 ortho procedures,none,MA3_PJIprop. 1/43 arthroplasties (ortho-isolable); patient on corticosteroid + etanercept. NOT split by stop/continue.
EMBASE2-0014,Nguyen 2021,"USA (Boston, MA)",J Am Acad Dermatol,2021,Retrospective cross-sectional cohort (2 tertiary hospitals),"Primary comparative SSI + proportions (MA1_SSI, MA3_SSIprop, MA3_PJIprop)",827 biologic users (all indications); surgical subgroup 218 procedures / 180 patients,psoriasis 27.2% of 827; surgical arms: 13 stopped / 32 continued,PsA surgical arms: 12 stopped / 20 continued,"Crohn's 38.6% (largest), ulcerative colitis, RA, hidradenitis suppurativa",stopped 44.6 (SD16.4); continued 42.7 (SD16.6),cohort ~55-64% female by agent,diabetes captured (stopped 9.2% / continued 6.3%); corticosteroid use significant SSTI risk factor,"mixed: abdominal 38.1%, orthopedic 28.4%, urologic/gyn, neuro, cardiac, breast, head/neck, skin, infectious","62/218 (28.4%): joint replacement 43, ORIF 10 (urgent), tendon 9",mixed (10 ortho ORIF cases explicitly urgent),"adalimumab, infliximab, etanercept, ustekinumab",design-level (held vs continued perioperatively),142 continued,76 stopped,"held by number of drug half-lives (<3, 3-5, >5); not agent-specific reported","flare (disease flare, stopped arm only)",discontinue,5,76,disease flare after stopping biologic (by half-lives),perioperative,,,,0.99 (across half-life strata),crude,,NO - psoriasis/PsA pooled with IBD/RA; SSTI not broken down by dx within ortho subset,Mixed dx AND mixed surgery; stopped/continued NOT cross-tabulated within 62 ortho procedures,none,NOT poolable for MA2: flares reported ONLY in stopped arm (1+3+1=5/76); NO continued-arm flare count -> cannot form continue-vs-discontinue pair. Excluded from MA2.
EMBASE2-0094,Bakkour 2016,UK (Manchester/Salford),JEADV,2016,Retrospective audit / cohort (tertiary psoriasis clinic),"Primary comparative SSI + flare (MA1_SSI, MA2_flare, MA3_SSIprop, MA4_flareprop)",42 patients / 77 procedures (from 300 psoriasis/PsA on biologics 2005-2011),28 patients / 54 procedures (70%),14 patients / 23 procedures (30%),none - PURE psoriasis/PsA cohort,reported per-case (Table 2); overall not tabulated,67.5% male / 32.5% female,diabetes 11/77 (14%); smokers 17/77 (22%); concomitant IS 25/77 (32%),"skin 52%, orthopedic 19.5%, GI/urologic 15.6%, cardiovascular 7.8%, ENT/dental 5.2%",15/77 (19.5%): 9 continued / 6 stopped (Table 1),elective (audit of planned procedures),"etanercept 30(39%), adalimumab 28(36%), infliximab 11(14%), ustekinumab/golimumab (5, never stopped)",design-level (continued vs stopped),57 (74%),20 (26%),median stop/restart days: ADA 14 pre/28 post; ETN 17.5 pre/15.5 post; IFX 17.5 pre/35 post,SSI_wound (composite: infection + delayed wound healing),continue,3,57,postoperative infection or delayed wound healing,perioperative audit,Fisher exact (complications stopped vs continued),,,0.014,adjusted (logistic regression for concomitant IS/diabetes/smoking/prophylactic abx; none influenced outcome),"concomitant IS, diabetes, smoking, prophylactic antibiotics","PARTIAL - psoriasis-only and PsA-only flare rates given, but complication/flare significance tests on whole 77-procedure cohort; no ortho-specific p-value",Pure psoriasis/PsA population but MIXED surgery type (ortho only 15/77); outcomes on whole cohort,none,MA1_SSI + MA3_SSIprop. continued 5.2% vs stopped 25%.
EMBASE2-0094,Bakkour 2016,UK (Manchester/Salford),JEADV,2016,Retrospective audit / cohort (tertiary psoriasis clinic),"Primary comparative SSI + flare (MA1_SSI, MA2_flare, MA3_SSIprop, MA4_flareprop)",42 patients / 77 procedures (from 300 psoriasis/PsA on biologics 2005-2011),28 patients / 54 procedures (70%),14 patients / 23 procedures (30%),none - PURE psoriasis/PsA cohort,reported per-case (Table 2); overall not tabulated,67.5% male / 32.5% female,diabetes 11/77 (14%); smokers 17/77 (22%); concomitant IS 25/77 (32%),"skin 52%, orthopedic 19.5%, GI/urologic 15.6%, cardiovascular 7.8%, ENT/dental 5.2%",15/77 (19.5%): 9 continued / 6 stopped (Table 1),elective (audit of planned procedures),"etanercept 30(39%), adalimumab 28(36%), infliximab 11(14%), ustekinumab/golimumab (5, never stopped)",design-level (continued vs stopped),57 (74%),20 (26%),median stop/restart days: ADA 14 pre/28 post; ETN 17.5 pre/15.5 post; IFX 17.5 pre/35 post,SSI_wound (composite),discontinue,5,20,infection or delayed wound healing,perioperative,Fisher exact,,,0.014,adjusted,,"PARTIAL - psoriasis-only and PsA-only flare rates given, but complication/flare significance tests on whole 77-procedure cohort; no ortho-specific p-value",Pure psoriasis/PsA population but MIXED surgery type (ortho only 15/77); outcomes on whole cohort,none,MA1_SSI. stopped 25% (5/20).
EMBASE2-0094,Bakkour 2016,UK (Manchester/Salford),JEADV,2016,Retrospective audit / cohort (tertiary psoriasis clinic),"Primary comparative SSI + flare (MA1_SSI, MA2_flare, MA3_SSIprop, MA4_flareprop)",42 patients / 77 procedures (from 300 psoriasis/PsA on biologics 2005-2011),28 patients / 54 procedures (70%),14 patients / 23 procedures (30%),none - PURE psoriasis/PsA cohort,reported per-case (Table 2); overall not tabulated,67.5% male / 32.5% female,diabetes 11/77 (14%); smokers 17/77 (22%); concomitant IS 25/77 (32%),"skin 52%, orthopedic 19.5%, GI/urologic 15.6%, cardiovascular 7.8%, ENT/dental 5.2%",15/77 (19.5%): 9 continued / 6 stopped (Table 1),elective (audit of planned procedures),"etanercept 30(39%), adalimumab 28(36%), infliximab 11(14%), ustekinumab/golimumab (5, never stopped)",design-level (continued vs stopped),57 (74%),20 (26%),median stop/restart days: ADA 14 pre/28 post; ETN 17.5 pre/15.5 post; IFX 17.5 pre/35 post,flare (psoriasis or PsA flare),continue,5,57,disease flare of psoriasis or PsA,perioperative,Fisher exact (flare stopped vs continued),,,0.003,crude,,"PARTIAL - psoriasis-only and PsA-only flare rates given, but complication/flare significance tests on whole 77-procedure cohort; no ortho-specific p-value",Pure psoriasis/PsA population but MIXED surgery type (ortho only 15/77); outcomes on whole cohort,none,MA2_flare + MA4_flareprop. continued 8.7% (5/57).
EMBASE2-0094,Bakkour 2016,UK (Manchester/Salford),JEADV,2016,Retrospective audit / cohort (tertiary psoriasis clinic),"Primary comparative SSI + flare (MA1_SSI, MA2_flare, MA3_SSIprop, MA4_flareprop)",42 patients / 77 procedures (from 300 psoriasis/PsA on biologics 2005-2011),28 patients / 54 procedures (70%),14 patients / 23 procedures (30%),none - PURE psoriasis/PsA cohort,reported per-case (Table 2); overall not tabulated,67.5% male / 32.5% female,diabetes 11/77 (14%); smokers 17/77 (22%); concomitant IS 25/77 (32%),"skin 52%, orthopedic 19.5%, GI/urologic 15.6%, cardiovascular 7.8%, ENT/dental 5.2%",15/77 (19.5%): 9 continued / 6 stopped (Table 1),elective (audit of planned procedures),"etanercept 30(39%), adalimumab 28(36%), infliximab 11(14%), ustekinumab/golimumab (5, never stopped)",design-level (continued vs stopped),57 (74%),20 (26%),median stop/restart days: ADA 14 pre/28 post; ETN 17.5 pre/15.5 post; IFX 17.5 pre/35 post,flare (psoriasis or PsA flare),discontinue,8,20,disease flare,perioperative,Fisher exact,,,0.003,crude,,"PARTIAL - psoriasis-only and PsA-only flare rates given, but complication/flare significance tests on whole 77-procedure cohort; no ortho-specific p-value",Pure psoriasis/PsA population but MIXED surgery type (ortho only 15/77); outcomes on whole cohort,none,MA2_flare + MA4_flareprop. stopped 40% (8/20). Psoriasis-only 11% vs 55% P=0.006; PsA-only 0% vs 30% P=0.09.
EMBASE3-0011,Fabiano 2014,Italy (Modena/Rome/Verona/Padua),Drug Development Research,2014,Retrospective multicenter cohort / case series,"Comparative SSI (small) (MA1_SSI, MA3_SSIprop)",131 moderate-to-severe psoriasis patients,131 (100%),0 (pure psoriasis),none - PURE psoriasis,mean 57.01 (SD10.58),40 female / 91 male,not reported,"58 major (general, coronary arteriography/angioplasty/stents, orthopedic, vascular, neurosurgery); 73 minor (dermatologic, dental, implants, saphenectomy)",orthopedic pooled within 58 'major' (no ortho-only N); ortho signal = 2 knee arthroplasty wound infections,elective (recent surgery),"infliximab 30, adalimumab 39, ustekinumab 13, etanercept 49 (anti-TNF or anti-IL-12/23)",design-level (discontinue vs continue per BAD guidelines),87,44 (13 minor / 31 major),discontinued >=4 half-lives before major surgery per British Association of Dermatologists guidelines (agent-specific timing not tabulated),SSI_wound (postoperative wound infection),continue,1,87,postoperative wound infection,postoperative,,,,,crude,,"N/A (pure psoriasis, no PsA)",Pure psoriasis but MIXED surgery; ortho not isolable (within 'major'); 2 knee arthroplasty infections are the ortho signal,none. NOTE narrative-vs-Table 2 internal inconsistency (see notes on rows).,MA1_SSI + MA3_SSIprop. Table 2 = 1 wound infection in continuation arm (narrative text erroneously says 'no complications').
EMBASE3-0011,Fabiano 2014,Italy (Modena/Rome/Verona/Padua),Drug Development Research,2014,Retrospective multicenter cohort / case series,"Comparative SSI (small) (MA1_SSI, MA3_SSIprop)",131 moderate-to-severe psoriasis patients,131 (100%),0 (pure psoriasis),none - PURE psoriasis,mean 57.01 (SD10.58),40 female / 91 male,not reported,"58 major (general, coronary arteriography/angioplasty/stents, orthopedic, vascular, neurosurgery); 73 minor (dermatologic, dental, implants, saphenectomy)",orthopedic pooled within 58 'major' (no ortho-only N); ortho signal = 2 knee arthroplasty wound infections,elective (recent surgery),"infliximab 30, adalimumab 39, ustekinumab 13, etanercept 49 (anti-TNF or anti-IL-12/23)",design-level (discontinue vs continue per BAD guidelines),87,44 (13 minor / 31 major),discontinued >=4 half-lives before major surgery per British Association of Dermatologists guidelines (agent-specific timing not tabulated),SSI_wound (postoperative wound infection),discontinue,2,44,postoperative wound infection,postoperative,,,,,crude,,"N/A (pure psoriasis, no PsA)",Pure psoriasis but MIXED surgery; ortho not isolable (within 'major'); 2 knee arthroplasty infections are the ortho signal,none. NOTE narrative-vs-Table 2 internal inconsistency (see notes on rows).,"MA1_SSI. 2 wound infections; the 3 total infections were 2 knee arthroplasties + 1 dental implant, 2 in discontinuation arm."
EMBASE2-0082,George 2017,USA (Medicare claims),Arthritis Care & Research,2017,Retrospective claims cohort (propensity/IPTW),"Comparative sensitivity + PJI/SSI proportion (MA3_SSIprop recent-IFX, MA3_PJIprop)","4288 surgeries / 3867 patients (infliximab within 6mo of elective hip/knee arthroplasty, 2007-2013)",combined PsA/PsO/AS = 562 (13%); psoriasis not separately enumerated,combined PsA/PsO/AS 562 (13%); PsA not isolated,"RA 3385 (79%), IBD 475 (11%)",median 71 [IQR 66-75],79% female,"Charlson median 3; glucocorticoid >10mg/day a strong risk factor (infection OR 2.11, PJI HR 2.70)",elective primary or revision total hip/knee arthroplasty,4288/4288 (100% arthroplasty),elective (strict exclusions for fracture/infection/ED admission),infliximab only (to allow precise infusion-date timing),user-vs-nonuser-timing (infliximab stop timing among users),recent (<4wk stop) 1162; also 4-8wk 1969; 12-16wk 218; >=16wk 192,reference 8-12wk 747 (longer stop timing),"stop timing categories 4wk bins (<4/4-8/8-12ref/12-16/>=16 wk); restart <4wk 20%, 4-8wk 45%, etc.",SSI_wound (serious/hospitalized infection within 30d),continue (recent-IFX <4wk),70,1162,hospitalized serious infection within 30d (bacteremia/SSTI/pneumonia); NOT SSI-specific,30d,propensity-adjusted OR (<4wk vs 8-12wk),0.90,0.60-1.34,ns,adjusted (IPTW propensity),all baseline covariates via multinomial propensity,NO - PsA folded into combined PsA/PsO/AS covariate; only estimate is PsA/PsO/AS vs RA 30-day-infection OR 0.97 (0.64-1.47); PJI model does not report this group,Mixed claims cohort (RA-dominant); outcomes not stratified by dx,"none (US Medicare, unrelated to Swedish/Japanese cohorts)",MA3_SSIprop recent-IFX. Whole-cohort serious infection 270/4288 (6.3%); SSI-90d 80/3996 (2.0%) whole cohort (not by timing).
EMBASE2-0082,George 2017,USA (Medicare claims),Arthritis Care & Research,2017,Retrospective claims cohort (propensity/IPTW),"Comparative sensitivity + PJI/SSI proportion (MA3_SSIprop recent-IFX, MA3_PJIprop)","4288 surgeries / 3867 patients (infliximab within 6mo of elective hip/knee arthroplasty, 2007-2013)",combined PsA/PsO/AS = 562 (13%); psoriasis not separately enumerated,combined PsA/PsO/AS 562 (13%); PsA not isolated,"RA 3385 (79%), IBD 475 (11%)",median 71 [IQR 66-75],79% female,"Charlson median 3; glucocorticoid >10mg/day a strong risk factor (infection OR 2.11, PJI HR 2.70)",elective primary or revision total hip/knee arthroplasty,4288/4288 (100% arthroplasty),elective (strict exclusions for fracture/infection/ED admission),infliximab only (to allow precise infusion-date timing),user-vs-nonuser-timing (infliximab stop timing among users),recent (<4wk stop) 1162; also 4-8wk 1969; 12-16wk 218; >=16wk 192,reference 8-12wk 747 (longer stop timing),"stop timing categories 4wk bins (<4/4-8/8-12ref/12-16/>=16 wk); restart <4wk 20%, 4-8wk 45%, etc.",PJI (within 1 year),continue (recent-IFX <4wk),30,1162,PJI within 1yr (ICD-9 996.66),1 year (979 person-years for <4wk group),propensity-adjusted HR (<4wk vs 8-12wk),0.98,0.52-1.87,ns,adjusted (IPTW),,NO - PsA folded into combined PsA/PsO/AS covariate; only estimate is PsA/PsO/AS vs RA 30-day-infection OR 0.97 (0.64-1.47); PJI model does not report this group,Mixed claims cohort (RA-dominant); outcomes not stratified by dx,"none (US Medicare, unrelated to Swedish/Japanese cohorts)",MA3_PJIprop. Whole-cohort PJI 105/4288 (2.9/100py). Glucocorticoid >10mg/d HR 2.70. PsA/PsO/AS vs RA: infection OR 0.97 (0.64-1.47); PJI model not reported for this group.
PUBMED-0063,Di Martino 2023,"Italy (Emilia-Romagna, RIPO registry)",Seminars in Arthritis and Rheumatism,2023,Registry-based retrospective cohort (propensity-matched OA comparator),NARRATIVE (implant survival / revision; SWiM + GRADE),Cohort A perioperative TNFi 121; Cohort B non-bDMARD/tsDMARD 870; Cohort C primary OA 473,"n/a (PsA, not cutaneous psoriasis)",Cohort A PsA 36 (29.8%),"Cohort A: RA 52.9%, AS 17.4%",Cohort A mean 60.5 (SD12.2),Cohort A 64.5% female,"perioperative glucocorticoids 18.2%, csDMARDs 21.5% (Cohort A)",primary total hip arthroplasty (THA) only,121/121 (100% THA),elective (registry primary THA),"TNFi: etanercept 45.5%, adalimumab 35.5%, infliximab 7.4%, certolizumab 7.4%, golimumab 4.1%",perioperative TNFi (>=1 Rx in 6mo before AND after surgery) vs non-bDMARD vs OA,121 perioperative TNFi (continued-through-surgery proxy),n/a (no within-study discontinuation arm; hold duration unascertainable),"institutional protocol: DMARD withdrawn >=2 half-lives pre-THA, resume 7-14d post; ACTUAL hold rate/length could NOT be ascertained",Implant revision (any cause) / survival,perioperative TNFi (cohort A),3 revisions / 121,121,surgical revision (any component); 5-yr Kaplan-Meier survival,mean 5 years,5-yr implant survival (log-rank vs comparators),96.6%,89.6-98.9,0.713 (vs non-bDMARD); 0.123 (vs OA),propensity-matched OA comparator,"gender, age class, follow-up duration","NO - survival/revision reported per exposure cohort (TNFi vs non-bDMARD vs OA), not by dx",Mixed inflammatory-arthritis cohort; NARRATIVE only (no poolable events for our infection/flare pools),none,"NARRATIVE. Revisions cohort A: septic loosening 1, periprosthetic fracture 1, dislocation 1. Non-bDMARD 26/870 (3%); OA 4/473 (0.8%). No infection/aseptic-loosening difference; NO aseptic loosening in TNFi group."
EMBASE1-0073,Vasavada 2023,USA (NYU Langone),The Knee,2023,"Retrospective cohort, propensity-matched (arthroscopy/sports med)","Flare comparative (MA2_flare, MA4_flareprop)",428 (214 on baseline IS [110 stayed on / 104 held]; 214 no baseline IS),n/a (PsA),"PsA is the most common single dx (19% on-IS, 28% held-IS, 32% no-IS arms)","seropositive/seronegative RA, sarcoidosis, SLE, ankylosing spondylitis, PMR, etc.","53+/-13 (on IS), 50+/-14 (held), 52+/-14 (none)",~65-69% male across groups,ASA class captured; steroids common (41% of on-IS via stress dosing),arthroscopic sports-medicine procedures (lower and higher complexity),428/428 (100% arthroscopy),elective,"AGGREGATE IS: biologics, csDMARDs, JAK inhibitors, glucocorticoids (biologics = 31% of held arm)",on-vs-held (stayed on IS vs held IS perioperatively),110 stayed on IS,104 held IS,hold/restart per 2017/2022 ACR-AAHKS guidelines,flare (postoperative rheumatic disease flare within 12wk),continue (stayed on IS),10,110,physician-diagnosed exacerbation within 12wk of arthroscopy,12 weeks,multivariable OR (stayed vs held),0.764,0.267-2.181,0.61,"adjusted (age, sex, BMI, smoking, procedure risk, medication class)","age, sex, BMI, smoking, procedure risk, csDMARD/steroid/JAK/biologic",NO - flare not isolated to PsA nor to biologics; on-biologic OR 0.723 (0.215-2.431) p=0.60 likely codes 'ever on a biologic',"Mixed rheumatic dx; exposure is AGGREGATE immunosuppression, NOT biologic-isolated. Do NOT over-read as biologic-specific.",none,MA2_flare + MA4_flareprop. AGGREGATE IS (not biologic-isolated). On-biologic OR 0.723 (0.215-2.431) p=0.60.
EMBASE1-0073,Vasavada 2023,USA (NYU Langone),The Knee,2023,"Retrospective cohort, propensity-matched (arthroscopy/sports med)","Flare comparative (MA2_flare, MA4_flareprop)",428 (214 on baseline IS [110 stayed on / 104 held]; 214 no baseline IS),n/a (PsA),"PsA is the most common single dx (19% on-IS, 28% held-IS, 32% no-IS arms)","seropositive/seronegative RA, sarcoidosis, SLE, ankylosing spondylitis, PMR, etc.","53+/-13 (on IS), 50+/-14 (held), 52+/-14 (none)",~65-69% male across groups,ASA class captured; steroids common (41% of on-IS via stress dosing),arthroscopic sports-medicine procedures (lower and higher complexity),428/428 (100% arthroscopy),elective,"AGGREGATE IS: biologics, csDMARDs, JAK inhibitors, glucocorticoids (biologics = 31% of held arm)",on-vs-held (stayed on IS vs held IS perioperatively),110 stayed on IS,104 held IS,hold/restart per 2017/2022 ACR-AAHKS guidelines,flare,discontinue (held IS),10,104,physician-diagnosed exacerbation within 12wk,12 weeks,reference group,ref,,,reference,,NO - flare not isolated to PsA nor to biologics; on-biologic OR 0.723 (0.215-2.431) p=0.60 likely codes 'ever on a biologic',"Mixed rheumatic dx; exposure is AGGREGATE immunosuppression, NOT biologic-isolated. Do NOT over-read as biologic-specific.",none,"MA2_flare + MA4_flareprop. Held-IS 9.6%. No-baseline-IS group 1.9% (4/214) flared (OR 0.086 vs held, p<0.001)."
EMBASE2-0040,Borgas 2020,"Sweden (Skane Univ Hosp, Lund)",BMC Musculoskeletal Disorders,2020,Retrospective observational single-arm cohort (continue-only era),PJI proportion pool ONLY (MA3_PJIprop) - overlap rule,494 primary elective TKA(254)/THA(240) / 395 patients (2006-2015),n/a (PsA),PsA 35 (7%),"RA 341 (69%), spondyloarthritis incl AS 29 (5.9%), JIA 59 (11.9%), other 30 (6.1%)",mean 62.4 (range 18-89),76.3% female,"ASA (ASA3 38.1%), BMI mean 26.5; prednisolone 43.3%",primary elective TKA + THA,494/494 (100% arthroplasty),elective,"TNFi 157 (31.8%): etanercept 93, adalimumab 32, certolizumab 12, infliximab 15, golimumab 5; MTX 55.5%",continue-only-user-vs-nonuser (all continued; TNFi-user vs non-user),494 (whole cohort continue-era); TNFi-user arm 157,0 (no within-study discontinuation arm),continue-through-surgery (2006+ policy abolished TNFi discontinuation),PJI (peri-prosthetic joint infection within 1yr),single (TNFi-user),1,157,PJI = deep incisional + organ/space SSI within 1yr (modified CDC),1 year,Fisher exact (PJI TNFi-user vs non-user),,,0.44,"crude (single-arm, no discontinuation comparator)",,"PARTIAL - PsA-specific PJI 1/35 and SSI 2/35 reported (Table 4); PsA PJI case detailed (Table 5, on 'None' treatment)",Mixed cohort (RA-dominant); single-arm (no discontinuation comparator),CONFIRMED overlap with Berthold 2013 (EMBASE3-0017). OVERLAP RULE: Borgas ONLY in MA3_PJIprop (never MA1/MA3_SSIprop).,"MA3_PJIprop ONLY (overlap rule). TNFi-user PJI 1/157 (0.63%). Whole-cohort PJI 7/494 (1.4%, all TKA); SSI 19/494 (3.8%). PsA PJI 1/35 (on 'None' treatment)."
PUBMED-0031,Day 2023,USA (PearlDiver Mariner),The Spine Journal,2023,Retrospective case-control administrative database (1:4 matched),NARRATIVE + sensitivity-only (recommendation-level exposure),2262 psoriasis matched to 9044 non-psoriasis (single-level lumbar discectomy),2262,not separately enumerated (psoriasis cohort),non-psoriasis comparator 9044,psoriasis 53.9 (SD13.6),50.7% male (psoriasis),Elixhauser Comorbidity Index matched (psoriasis 4.2 vs 2.8 unmatched),single-level lumbar laminotomy/discectomy (spine),2262/2262 (100% spine),elective (fractures/neoplasms/infections excluded),"treatment subgroups: NT 1038, TT (topicals) 571, TT/OS (topical+oral systemic) 226, TT/B (topical+biologics) 140",recommendation-level (medication-regimen category; if/when discontinued around surgery NOT determinable),n/a (no perioperative continue/hold variable),n/a,Not determinable: the source states that discontinuation timing around surgery could not be determined,SSI (90d) - psoriasis vs non-psoriasis,psoriasis (all),62,2262,90d surgical site infection after lumbar discectomy,90 days (+5yr reoperation),multivariable OR (psoriasis vs none),1.795,1.326-2.431,<0.001,adjusted (matched age/sex/ECI),"age, sex, Elixhauser index",NO,"Exposure is standing medication regimen, NOT a perioperative continue/hold decision. NARRATIVE/sensitivity only. TT/B subgroup gives ORs but NO events/N for the biologic subgroup.",none,NARRATIVE/sensitivity. Sepsis 23/2262 (1.02%) OR 1.743 (1.065-2.852) p=0.027.
PUBMED-0031,Day 2023,USA (PearlDiver Mariner),The Spine Journal,2023,Retrospective case-control administrative database (1:4 matched),NARRATIVE + sensitivity-only (recommendation-level exposure),2262 psoriasis matched to 9044 non-psoriasis (single-level lumbar discectomy),2262,not separately enumerated (psoriasis cohort),non-psoriasis comparator 9044,psoriasis 53.9 (SD13.6),50.7% male (psoriasis),Elixhauser Comorbidity Index matched (psoriasis 4.2 vs 2.8 unmatched),single-level lumbar laminotomy/discectomy (spine),2262/2262 (100% spine),elective (fractures/neoplasms/infections excluded),"treatment subgroups: NT 1038, TT (topicals) 571, TT/OS (topical+oral systemic) 226, TT/B (topical+biologics) 140",recommendation-level (medication-regimen category; if/when discontinued around surgery NOT determinable),n/a (no perioperative continue/hold variable),n/a,Not determinable: the source states that discontinuation timing around surgery could not be determined,SSI/sepsis - biologics subgroup (TT/B),topical+biologics (recommendation-level),n/a (OR only),140,90d SSI / sepsis in topical+biologics subgroup vs no-psoriasis,90 days,multivariable OR (TT/B vs no psoriasis),SSI 3.102 / sepsis 6.367,SSI 1.202-8.010 / sepsis 1.229-32.990,SSI 0.019 / sepsis 0.027,adjusted,,NO,"Exposure is standing medication regimen, NOT a perioperative continue/hold decision. NARRATIVE/sensitivity only. TT/B subgroup gives ORs but NO events/N for the biologic subgroup.",none,"NARRATIVE/sensitivity only. NO events/N reported for TT/B subgroup (only ORs). NT/TT/TT-OS subgroups NOT at increased risk. Exposure = standing regimen, not perioperative hold."
EMBASE2-0091,Kawakami 2016,Japan (Tokyo Medical Univ),Journal of Dermatology,2016,Case series (n=4),NARRATIVE + JBI (discontinued),4 psoriatic patients on TNFi,"4 (1 psoriasis vulgaris [Case 1 = ortho], 3 generalized pustular psoriasis)",0,none,Case 1: 49M,Case 1: male,Case 1 none noted,"Case 1 = Achilles tendon repair (ORTHO); Cases 2-4 = cataract/IOL, tooth extraction, inguinal hernia (non-ortho)",1/4 (Case 1 only),elective (paper labels all 4 'elective'; Case 1 arose from Achilles rupture),"infliximab (Case 1), adalimumab (others); +/- methotrexate",discontinued (per Japanese Dermatological Association 2013 guideline),0,1 (ortho Case 1: IFX held; last dose 11wk pre-op),Case 1: last IFX 11wk pre-op; restart delayed to 7wk post-op after wound healing confirmed (bridged with cyclosporine/NB-UVB/MTX),delayed wound healing + psoriasis flare (ortho Case 1),discontinue (IFX held),1 of 1 ortho case,1,delayed wound healing + PASI flare to 18.8 during IFX hold; resolved after IFX restart,~7wk to wound healing / IFX restart,,,,,n/a (case),,N/A (psoriasis),"Ortho evidence = n=1 (Case 1), no comparator. Cases 2-4 out of scope (non-ortho).",none,NARRATIVE. The orthopaedic Case 1 (Achilles repair) had delayed wound healing and a psoriasis flare during the IFX hold (last dose 11wk pre-op). The 3 other cases were non-orthopaedic GPP cases 2-4.
PUBMED-0106,Koga 2025,Japan (Fukuoka Univ),Modern Rheumatology Case Reports,2025,Case report (n=1),NARRATIVE + JBI (continued),1,n/a (PsA),1 (PsA + coexisting knee OA; DAPSA 7.24 = low activity),osteoarthritis (coexisting),62F,female,"diabetes mellitus, hypertension, hyperlipidaemia; BMI 29.2",bilateral closed-wedge high tibial osteotomy (CWHTO) + staged implant removals (4 procedures over ~2 yr),1/1 (knee osteotomy),elective,adalimumab 40mg/2wk (TNFi),continued (adalimumab withdrawn only 2 weeks pre-op = short guideline-concordant hold),1,0,adalimumab withdrawn 2 weeks before (documented for the first of the sequential procedures),wound infection / psoriasis flare,continue (adalimumab held 2wk),0,1,postoperative wound infection or psoriasis exacerbation,2 years,,,,,n/a (case),,YES (single PsA patient),n=1 case report; no comparator,none. NOTE: same institution/surname as Kunimi 2018 (Fukuoka Univ); different patient/case.,"NARRATIVE. Bilateral CWHTO; adalimumab continued (2wk hold). No wound infection, no psoriasis exacerbation, KOOS improved. Uneventful."
PUBMED-0173,Kunimi 2018,Japan (Fukuoka Univ),Journal of Dermatology (Letter),2018,Case report / letter to editor (n=1),NARRATIVE + JBI (continued),1,n/a (PsA),"1 (psoriatic arthritis mutilans, PAM)",none,31M,male,none noted,hand surgery: right thumb joint fusion + right middle/annular finger contracture release,1/1 (hand),elective,infliximab 5mg/kg + methotrexate,continued (infliximab continued through surgery; surgery after 8 IFX doses),1,0,no explicit last-dose-to-surgery interval stated (thinnest exposure evidence; continuation inferred from 'regular'/'during' infliximab treatment),secondary infection / joint symptom recurrence,continue (IFX continued),0,1,postoperative infection or recurrence of joint symptoms,not quantified ('since then'),,,,,n/a (case),,YES (single PsA/PAM patient),n=1 case report; no comparator; no quantitative hold interval,none. NOTE: same institution as Koga 2025 (Fukuoka Univ Dermatology/Orthopaedics); different patient.,"NARRATIVE. Hand surgery (thumb fusion + finger contracture release) during regular IFX. No secondary infection, no recurrence. Thinnest exposure evidence (no explicit hold interval)."
