study_id,study_label,analysis,arm,outcome,events,n,contrast_type,page_cite,notes
EMBASE3-0017,Berthold 2013,MA1_SSI,continue,SSI_wound,35,681,design-level,Table 3 p.499 (Group B sum 17+6+11+1=35) + Results p.497; denominator 681 from Fig 1 flow p.496 & Results p.497,"Group B = 2006-Sep2009 CONTINUED-TNFi era. Outcome=CDC 1992 SSI (superficial+deep). MIXED rheumatic cohort (RA ~66%, PsA 5%, AS/JIA/OA); PsA NOT isolable. Mixed surgery (foot/hand/implant/other). Whole-cohort used."
EMBASE3-0017,Berthold 2013,MA1_SSI,discontinue,SSI_wound,28,872,design-level,Table 3 p.499 (Group A sum 11+5+8+4=28) + Abstract p.495; denominator 872 from Fig 1 flow p.496 & Results p.497,"Group A = 2003-2005 DISCONTINUED-TNFi era (IFX held 8wk/ETN 1wk/ADA 4wk pre, restart 1wk post). INTERNAL DISCREPANCY: the Results narrative p.497 states 25 (3.0%) for Group A, but Table 3 sum AND Abstract state 28. The 25 is attributed to the Results narrative p.497 ONLY; the trailing (Figure 2) in that sentence is a cross-reference, not a data source, because Berthold Fig 2 is a percent-axis bar chart with no numeric labels and cannot state a count. Primary=28 (2 sources); SENSITIVITY=25. Abstract denom=870 vs flow/Results=872 (immaterial)."
EMBASE2-0014,Nguyen 2021,MA1_SSI,continue,SSI_wound,9,142,design-level,"Table V p.608 (Continued biologic n=142, postoperative SSTI 9 = 6.3%)","WHOLE mixed-surgery cohort (218 procedures; ortho only 62/218). Outcome=postoperative SSTI within 90d necessitating antibiotics (cellulitis/abscess). NOT isolable to ortho by arm; ortho SSTI reported only by surgery type (2/62), not by stop/continue. Mixed dx (Crohn 38.6% largest; psoriasis+PsA a minority)."
EMBASE2-0014,Nguyen 2021,MA1_SSI,discontinue,SSI_wound,11,76,design-level,"Table V p.608 (Stopped biologic n=76, postoperative SSTI 11 = 14.5%; P=.08 vs continued)",WHOLE mixed-surgery cohort. Outcome=postoperative SSTI within 90d. Stopped-vs-continued not cross-tabulated within the 62 ortho procedures. Whole-cohort used (stated limitation).
EMBASE2-0094,Bakkour 2016,MA1_SSI,continue,SSI_wound,3,57,design-level,"Results p.87-88 (continued 5.2%) + Table 2 p.88 (3 continued-arm complication cases: cases 2,3,4)",Back-calc 5.2% x 57 = 2.96 -> 3; CONFIRMED by counting Table 2 continued cases (incisional biopsy/delayed healing; right knee replacement/wound infection; incisional biopsy/wound infection). PURE psoriasis(28pt)+PsA(14pt) cohort; MIXED surgery (ortho only 15/77). Composite=infection+delayed wound healing (P=0.014). Whole-cohort.
EMBASE2-0094,Bakkour 2016,MA1_SSI,discontinue,SSI_wound,5,20,design-level,"Results p.87-88 (stopped 25%) + Table 2 p.88 (5 stopped-arm complication cases: cases 1,5,6,7,8)",Back-calc 25% x 20 = 5; CONFIRMED by Table 2 stopped cases. Composite complication (infection + delayed wound healing). Whole 77-procedure psoriasis/PsA cohort; ortho not isolable for this endpoint.
EMBASE3-0011,Fabiano 2014,MA1_SSI,continue,SSI_wound,1,87,design-level,"Table 2 p.S25 (Continuation n=87, Wound infection = 1)","Outcome=postoperative wound infection. INTERNAL DISCREPANCY: narrative p.S25-S26 states the 87 continuation patients had no postoperative complications, but Table 2 credits continuation arm with 1 wound infection (one of the 2 knee arthroplasties or the dental implant). Table 2 used. PURE psoriasis; mixed surgery (ortho within 58 'major', no ortho-only denominator)."
EMBASE3-0011,Fabiano 2014,MA1_SSI,discontinue,SSI_wound,2,44,design-level,"Table 2 p.S25 (Discontinuation n=44, Wound infection = 2) + Results p.S25",Outcome=wound infection. The 3 total wound infections = 2 knee arthroplasties + 1 dental implant; 2 were in the discontinuation arm. PURE psoriasis; ortho signal = 2 knee arthroplasty infections (no ortho-only denominator).
EMBASE2-0094,Bakkour 2016,MA2_flare,continue,flare,5,57,design-level,"Results p.88 (continued flare 8.7%, P=0.003)",Back-calc 8.7% x 57 = 4.96 -> 5. Combined psoriasis+PsA flare. Whole 77-procedure cohort (ortho not isolated). Psoriasis-only 11% vs 55% (P=0.006); PsA-only 0% vs 30% (P=0.09).
EMBASE2-0094,Bakkour 2016,MA2_flare,discontinue,flare,8,20,design-level,"Results p.88 (stopped flare 40%, P=0.003)","Back-calc 40% x 20 = 8. Combined psoriasis+PsA flare. Half of flarers on etanercept, half on adalimumab."
EMBASE1-0073,Vasavada 2023,MA2_flare,continue,flare,10,110,design-level,"Results p.173 + Table 1 p.174 (On IS during surgery n=110, flare 9.1% n=10)","AGGREGATE immunosuppression (biologics+csDMARDs+steroids+JAK), NOT biologic-isolated. 'Stayed on IS' = continue. Arthroscopy/sports-med. Flare=physician-diagnosed exacerbation within 12wk. PsA is the most common single dx (19% of this arm) but flare not isolable to PsA or to biologics. On-biologic OR 0.723 (0.215-2.431) p=0.60 likely codes 'ever on a biologic', not clean continue-vs-held biologic."
EMBASE1-0073,Vasavada 2023,MA2_flare,discontinue,flare,10,104,design-level,"Results p.173 (Withheld IS before surgery n=104, flare 9.6% n=10)",AGGREGATE IS held (biologics most commonly held class = 31% of this arm). 'Held IS' = discontinue. OR stayed-vs-held 0.764 (0.267-2.181) p=0.61 (ns).
EMBASE3-0017,Berthold 2013,MA3_SSIprop,continue,SSI_wound,35,681,design-level,Table 3 p.499 (Group B) + Results p.497; denominator 681 Fig 1 p.496,"Group B continued-TNFi era = the continuer arm. OVERLAP RULE: Berthold contributes SSI proportion here (NOT PJI). Mixed cohort/mixed surgery, whole-cohort."
EMBASE2-0014,Nguyen 2021,MA3_SSIprop,continue,SSI_wound,9,142,design-level,"Table V p.608 (Continued biologic n=142, SSTI 9)",Continued arm SSTI proportion. Whole mixed-surgery cohort (ortho 62/218 not isolable by arm).
EMBASE2-0094,Bakkour 2016,MA3_SSIprop,continue,SSI_wound,3,57,design-level,Results p.87-88 + Table 2 p.88 (continued complications = 3),"Continued-arm composite complication proportion. Back-calc 5.2% x 57 = 3, confirmed via Table 2."
EMBASE3-0011,Fabiano 2014,MA3_SSIprop,continue,SSI_wound,1,87,design-level,"Table 2 p.S25 (Continuation n=87, wound infection = 1)","Continued-arm wound-infection proportion (Table 2; note narrative-vs-table discrepancy, Table 2 used)."
EMBASE2-0082,George 2017,MA3_SSIprop,continue,SSI_wound,70,1162,user-vs-nonuser,"Table 2 p.19 (infliximab stop timing <4 weeks: N=1162, hospitalized infection within 30d = 70 [6.0%])","'recent-IFX' = infliximab within 4 weeks of surgery = continuer-proxy. Numerator is SERIOUS/HOSPITALIZED INFECTION within 30d (NOT SSI-specific); George's SSI-90d outcome (80/3996 whole cohort) is NOT reported by stop-timing. MIXED claims cohort (RA 79%, IBD 11%, PsA/PsO/AS 13%); PsA not isolable. ALT (whole cohort serious infection) = 270/4288."
EMBASE2-0040,Borgas 2020,MA3_PJIprop,single,PJI,1,157,user-vs-nonuser,"Table 4 p.5 (TNF-alpha inhibitor: Total 157, PJI 1) + Results p.4 & Discussion p.6","TNFi-USER arm of a single-arm continue-only cohort (all 494 in continue era). The 1 TNFi-user PJI = seropositive RA on etanercept+MTX (Table 5). OVERLAP RULE: Borgas ONLY here, NEVER in MA1/MA3_SSIprop. PsA-specific: PJI 1/35 but that PsA case was on 'None' treatment (Table 5), i.e. NOT a TNFi user. Elective primary TKA(254)/THA(240)."
EMBASE2-0082,George 2017,MA3_PJIprop,continue,PJI,30,1162,user-vs-nonuser,"Table 2 p.19 (infliximab stop timing <4 weeks: N=1162, PJI within 1 year = 30 [rate 3.1/100py])","'recent-IFX' (<4wk) = continuer-proxy PJI proportion (PJI within 1yr; note person-time denom 979py, but count/N = 30/1162 for proportion). MIXED claims cohort. ALT (whole cohort) = 105/4288 (2.9/100py)."
EMBASE2-0014,Nguyen 2021,MA3_PJIprop,single,PJI,1,43,design-level,"Table III p.607 (joint replacement n=43) + Results p.607","PJI isolated to the 43 JOINT-REPLACEMENT procedures (ortho-isolable). NOT split by stop/continue (single proportion). Denominator = 43 arthroplasties (not the 62 whole ortho subset, since PJI can only arise in arthroplasty). The 1 PJI case was on corticosteroid + etanercept."
EMBASE2-0094,Bakkour 2016,MA4_flareprop,continue,flare,5,57,design-level,Results p.88 (continued flare 8.7%),Back-calc 8.7% x 57 = 4.96 -> 5. Same source as MA2_flare continue row.
EMBASE2-0094,Bakkour 2016,MA4_flareprop,discontinue,flare,8,20,design-level,Results p.88 (stopped flare 40%),Back-calc 40% x 20 = 8. Same source as MA2_flare discontinue row.
EMBASE1-0073,Vasavada 2023,MA4_flareprop,continue,flare,10,110,design-level,"Results p.173 + Table 1 p.174 (On IS n=110, flare n=10)",AGGREGATE IS (not biologic-isolated). Stayed-on-IS = continue.
EMBASE1-0073,Vasavada 2023,MA4_flareprop,discontinue,flare,10,104,design-level,"Results p.173 (Withheld IS n=104, flare n=10)",AGGREGATE IS held. Held-IS = discontinue.
